{
    "binance": {
        "BTCUSDT": 28129198059.01,
        "ETHUSDT": 13064059455.17,
        "SOLUSDT": 8467464598.431,
        "XRPUSDT": 1174679913.5419,
        "BNBUSDT": 1391654742.302
    },
    "bitmex": {
        "XBTUSD": 658140300.0,
        "ETHUSD": 537423.0,
        "SOLUSD": 5773796.0,
        "XRPUSD": 848727.0,
        "BNBUSD": 89216.0
    },
    "apollox": {
        "BTCUSDT": 12724019.56,
        "ETHUSDT": 4095746.5,
        "SOLUSDT": 1328739.49,
        "XRPUSDT": 412825.32,
        "BNBUSDT": 481004.76
    },
    "drift": {
        "BTC-PERP": 54867420.618707,
        "ETH-PERP": 37367519.060264,
        "SOL-PERP": 139857652.134896,
        "XRP-PERP": 61676.725983,
        "BNB-PERP": 439368.622302
    }
}